"","chr3_42209771","chr5_140668624","chr6_87258847","chr7_139047751","chr8_51820490","chr9_113188426","chr10_7964835","chr11_74074281","chr12_67312686","chr13_49534116","chr14_55138318","chr15_51622465","chr16_4701044","chr17_3026098","chr18_62574499","chr19_10489766","chr21_42904255","samples","X13BA_A013","X7BA_A014","X9B_A015","X4BA_A018","X13BB_A019","X12B_A022","X15A_A025","X14B_A026","X1CA_A027","X16A_A028","X19B_A029","X11A_A033","X16B_A035","X21B_A036","X10BB_A037","X3A_A038","X19A_A039","X18A_A042","X8BA_A043","X14A_A045","X5B_A046","X5A_A047","X21A_A048","X8BB_A051","X11B_A052","X9A_A053","X3B_A054","X1CB_A056","X15B_A057","X10BA_A062","X17BB_A063","X12A_A064","X17BA_A065","X20BA_A066","X6A_A067","X20BB_A072","X18B_A075","X7BB_A076","X4BB_A077","X6B_A078"
"PMLBM000CNF","1/1","0/1","0/1","0/1","0/1","0/0","0/0","1/1","0/0","1/1","0/1","1/1","1/1","0/1","0/1","0/0","0/1","PMLBM000CNF",7298,4312,1237,NA,846.5,1386,1141.5,1449.75,NA,1479.5,630,593,4033.5,2677.75,1240.25,528.75,5188.5,6088.25,6110,1780.5,2516.5,2865.75,4640.25,3740.5,5379,6350.25,6411.75,5869,4676.5,5677,4162,8465.5,4779.5,4593.75,1984.5,NA,5807,3493.75,4104.5,2599
"PMLBM000COH","1/1","0/0","0/0","1/1","0/1","1/1","1/1","1/1","1/1","0/1","0/1","0/0","0/1","0/1","0/0","0/1","1/1","PMLBM000COH",6015.75,1060.75,5469.25,NA,4066,7921.5,5429.75,1502.5,NA,3694.75,2357,602,2919.25,3590.5,6194.5,522,3588.75,7465.75,6115.25,1798.25,700.75,3847,927.75,3960,5248.75,1471.5,6191.25,3849.5,893,902.75,4229.75,1471.25,4710,4294.75,2971.5,NA,1222.5,4646,5662.5,805
"PMLBM000COP","1/1","0/1","0/1","0/1","0/1","0/1","0/0","0/1","1/1","0/0","1/1","0/1","0/1","0/0","0/0","0/0","1/1","PMLBM000COP",1772.5,3643.75,3384.5,NA,4717,7518.5,3415.75,1681,NA,3241.25,604.5,2113.25,2627.5,3075.25,1157,502,4291,6614.5,5143.75,540,2131.25,2563.25,886.5,3317,3024.25,4591,5394.75,2646.5,2563,4925,1209.75,1336.5,5255,5430.5,1803.75,NA,1265,3175,NA,2310.5
"PMLBM000CNG","0/0","0/1","0/1","0/1","0/1","0/0","1/1","0/1","0/1","0/1","0/1","0/0","0/0","1/1","1/1","0/0","1/1","PMLBM000CNG",5558.5,4239.75,1250,NA,3879.25,6203.25,5018,1371,NA,4531.5,645.75,2295.25,1658.75,3498,5933.5,4404,4924.5,1261.25,5755.75,1743.5,2468.75,2713.5,795.5,3294.25,3506.5,6154.25,595.75,3939.25,881.75,858,5461,6223.25,1577.25,NA,2020,NA,6410,3363,6600.5,2424
"PMGBM603AAC","0/1","1/1","0/0","0/0","1/1","0/0","0/1","1/1","1/1","0/1","0/0","1/1","0/1","1/1","0/1","0/0","0/0","PMGBM603AAC",6569,6121,1345.25,NA,4876.75,8980,1275.25,583.5,3826,4228,702.75,616.75,3271,647.5,5211.75,3826.5,6009.25,6581,4699.75,2987.25,4285.75,1191,6387,5193.25,6013.25,7352.5,5230.5,5073.5,4858.25,4672.5,5974.5,1661,1636.25,6216,3566,NA,6087,1355.5,4967,904.75
"PMLBM000CLO","0/1","1/1","0/1","0/1","1/1","0/1","0/1","0/0","1/1","1/1","2/2","1/1","1/1","0/1","0/1","0/0","1/1","PMLBM000CLO",7839,4292.25,4591.25,NA,813.75,8942,1396,2247.5,NA,1614,604.5,4220.5,4292.5,4007,4894,3677,5537.5,6587.5,3992,553.25,3591.5,956,893.5,5303,613.75,5880.5,4933.5,3753.25,4763.5,4318,4575,1643.75,5015.25,3407.75,2324.5,NA,5936.5,3795.5,6829,2836.5
"PMLBM000CLP","0/0","0/1","0/1","0/1","0/1","0/0","1/1","0/1","1/1","0/1","0/1","1/1","0/1","0/1","0/1","0/0","0/0","PMLBM000CLP",5513,3889.5,1185,NA,4177.75,8309.5,1247.5,1376.25,NA,3622.75,615.5,2541,2885,593.25,5937,4780,4852,6081,6480,1635,2216.5,2660.5,5689.75,3790,3620.5,6254.25,622.5,4451.25,4353.5,848.75,3688.5,1388.5,4606,6191,1939.75,NA,5438.75,3451.75,8679,2487
"PMLBM000CKI","0/1","0/1","1/1","0/1","0/0","0/1","1/1","0/0","1/1","0/1","1/1","0/1","0/1","0/0","1/1","0/0","1/1","PMLBM000CKI",5717.5,3827,3624.5,NA,4042.5,7946.5,3665,1798.5,NA,3705.25,577.5,3382.5,2806.5,3246.25,5596.25,3441.75,4863.75,1123.75,7758.5,517.5,2089,2584,784,1087.75,562.75,4943.75,4639.25,4884,2914,752.5,1012.25,1340.25,6090.5,3210.75,589,NA,6522.5,3315.5,10190,3255.25
"PMLBM000CKS","0/0","0/1","0/1","0/0","0/1","0/0","1/1","0/0","0/0","0/1","0/0","0/1","1/1","0/0","0/1","0/0","0/1","PMLBM000CKS",5207.5,5062.75,1131.5,NA,3944.25,1215,3336.75,511,NA,1416.5,635.5,3378.75,3333.5,2388.75,5794,4389.5,4955,5558,5754,2589.5,2206,2553.25,4151,3285,571.5,6115,558,3842,2987,777.5,1253.25,7747.5,5446.25,3762.5,1986.5,NA,4769,1163.25,5789,2394.5
"PMLBM000CLQ","0/0","1/1","0/0","0/1","0/1","0/0","0/1","0/1","0/1","0/1","0/1","0/0","0/1","0/0","0/0","1/1","0/1","PMLBM000CLQ",5615.5,5434.25,1322,NA,4713,6870,4909.5,1750,NA,3753.5,3132.5,2788.25,3111,2994.25,5052.5,4960.5,1045,8067,5270.5,2036.25,4666.75,1139.25,4534.5,3462.25,3993,7033.75,759.25,NA,1079,4308,1392,7097.75,6293,NA,4451,NA,1188.5,4687,6589.5,1170.75
"PMLBM000CKP","0/1","0/1","1/1","0/1","1/1","1/1","0/1","1/1","1/1","0/0","1/1","0/1","0/1","1/1","1/1","0/1","0/1","PMLBM000CKP",1837.25,4064.5,5852.5,NA,5763,8464,4083.5,2319.75,NA,3622.25,2266.75,574.25,2873.75,2916.5,4831,3457.5,3851.25,1380,3297,585,2621.5,2907,4971.25,4508,5233.5,1640,4637.5,2964.5,3102,4415.75,5788.75,1450,1553.25,6248.75,729.75,NA,6587.5,3488.25,4963,3990
"PMLBM000CLG","0/1","0/1","0/0","1/1","1/1","0/1","1/1","1/1","1/1","0/1","0/1","0/1","1/1","0/0","0/0","0/0","0/0","PMLBM000CLG",5515.5,933.75,3885.5,NA,3915,7774.25,3281.75,1199.75,NA,1233.25,616,550,3353.5,519,5475.5,2681.25,4627,7082.75,3845.5,1514,2140.5,2583.5,5687.75,4435,4828.75,5200.25,3547.5,3560.5,2824.25,795.25,1059.25,1278.5,5453.75,4837.25,3006.25,NA,1143.25,4168.25,NA,760
"PMLBM000CLK","0/0","0/0","0/1","0/0","0/1","0/1","0/1","0/1","1/1","1/1","0/1","1/1","1/1","0/1","0/0","1/1","1/1","PMLBM000CLK",8779.75,6083.5,5003.75,NA,876,8676,1345.75,1718.5,NA,1824.5,3844.5,2681.5,4393.25,4379.25,5170.25,5038.25,1045.5,8213.5,6511.5,2056.25,795.75,4542.5,937,3837,4310,6017,644.5,3981.75,4892.75,4684.5,5101.75,1835.5,5415,9012,2581,NA,1469,1587.75,6346.25,3132
"PMLBM000CMM","0/1","0/1","0/1","1/1","1/1","1/1","1/1","0/1","0/1","1/1","0/1","0/0","0/1","0/0","0/1","0/1","0/1","PMLBM000CMM",8611,1197,6505.5,NA,792,7755.75,5998.25,1604,NA,4425.25,2390.25,3107,3398.75,3721.25,7574,4461.25,4086.25,7176,3788,1812.5,3221.25,3727.75,5681.75,5981.5,5124,1707.25,5576.5,6965,1092,1067.75,1226.5,8372.25,7142.5,8302.75,2855.5,NA,6959.75,5663.5,NA,3673
"PMLBM000CLI","0/0","0/1","1/1","0/1","0/1","0/0","0/1","0/1","1/1","0/1","0/0","0/1","1/1","0/0","0/1","0/1","1/1","PMLBM000CLI",4588.75,2971.25,1098,NA,3529,7168,3112,528.75,NA,1363.75,1867.5,2290.25,3383.75,3298,4030,4148.25,2878,5454,6153,2042,1823.5,2099.5,798.75,3468,3181.25,5740.5,589.25,3855,2530,3548.75,982.25,1203,5207.5,3873.25,692.25,NA,4609.25,2596,NA,2974
"PMLBM000CLL","1/1","0/0","0/0","0/1","0/1","0/0","0/1","0/1","0/0","0/1","1/1","0/1","1/1","0/1","1/1","0/0","1/1","PMLBM000CLL",5371.25,4140,1255.5,NA,3950,1208.5,3543,1926.5,NA,1466.5,660,2470.5,3793.5,3788,4601.5,567.5,4770.5,1279,6114.5,572,702,3858,886.5,3686.5,3696.75,6682.5,5982.75,NA,3103.75,4006.5,3919.75,7969.25,4595.25,5156.5,2864,NA,6378.25,3448.5,5683.5,823
"PMLBM000CMN","0/0","0/1","0/1","0/1","0/1","0/1","0/1","0/1","0/1","1/1","0/0","0/0","1/1","0/1","1/1","0/0","0/1","PMLBM000CMN",7245.25,4192.25,4299.25,NA,928,6695.25,5423.5,577,NA,1337.75,650.75,2587,3804,2879.5,4879,4863,5522.5,1394.5,6157,2878.25,2459.5,2914.25,4895.5,3587.5,3686.25,5402.25,699,4705.75,833.75,4237.5,4016.5,6715,4688.5,6302.25,2328.5,NA,6364.5,3439,NA,2756.5
"PMLBM000CLM","1/1","0/0","1/1","0/1","0/1","0/0","1/1","0/1","1/1","1/1","0/1","0/1","0/1","0/0","1/1","0/0","0/1","PMLBM000CLM",7699.75,4334.5,1328.5,NA,973.25,8514.5,4039.5,1693.75,NA,3593.5,726.5,2831,2894.75,3270.5,6548,586.25,5594.25,1379.75,6135.25,2012.75,751.25,4200.75,5311.5,3806,3981.75,7421.5,6185,5199.75,3581,933.75,1242.75,1528,6302.75,NA,761.5,NA,6450,3659.25,8974.25,4295
"PMLBM000CLN","0/1","0/1","0/1","1/1","1/1","1/1","1/1","0/1","1/1","1/1","0/1","0/1","1/1","0/0","0/1","0/1","0/1","PMLBM000CLN",7268,1038.5,5477.5,NA,843.75,8135.25,3717.25,1418.5,NA,1387,2365.5,2409,3601.25,2854.75,6019.5,3149,3766,6202,3104,1833.75,2538.5,2853,4459.75,4494,3496,1616.5,4259.75,5100.75,3245.5,864.75,1165.5,1452.5,5839.5,5276.25,2330,NA,5077.75,4508,NA,2753
"PMLBM000CVJ","0/0","1/1","0/1","1/1","0/0","0/1","1/1","0/0","0/0","1/1","1/1","0/1","1/1","0/1","1/1","0/1","0/1","PMLBM000CVJ",6117.75,895.5,3638.25,NA,714.5,1148.5,3260.25,1678.5,NA,1332.75,1788.5,3181.25,3413,2328.5,5311.25,3981,2890,1146.5,6775.5,516.5,2881.25,830.25,4096.5,1206.5,529.25,4618,552.5,2280.25,2638.5,747.25,3434,7110.75,3983.5,4978,1812,NA,5485.25,3840.5,5682,2156
"PMLBM000CWC","1/1","0/0","0/1","1/1","0/1","1/1","0/0","0/0","0/1","1/1","0/0","0/1","0/0","0/1","1/1","0/1","1/1","PMLBM000CWC",6398,882.5,4862.75,NA,730.75,5483,2949.25,498.75,NA,4297.25,1677.5,3327,1271,3213,1069.75,496.5,2743,1079,5821,1958.75,654.75,3214,790.25,3346.75,553.5,1423.5,5295.75,2996,2544,4661.5,3359.5,5291.75,3930,3500.25,1708,NA,5807.5,3868,4329.25,2098
"PMLBM000CXL","0/1","0/1","0/1","0/1","0/0","1/1","0/1","0/1","0/1","0/1","1/1","0/0","0/1","0/0","0/0","0/1","0/1","PMLBM000CXL",5206.25,3920,5114.5,NA,4087,6166,4656.5,2081,4897.5,3535,2229,2434.25,2900.5,2600,4427.5,3055,3356,6662,6797.5,653.5,2440.75,2726,4607.5,1205.5,3401,1856,3965.75,3999.5,951.5,3633.75,1225.5,5974.75,5557.25,5635.75,2111.25,NA,1349,3407.75,NA,2431.25
"PMLBM000CWE","1/1","0/1","0/0","0/0","0/1","0/1","0/1","0/1","1/1","0/1","0/0","0/1","0/1","0/0","0/0","0/0","0/1","PMLBM000CWE",6132,5386,4466,NA,4515.25,8184.5,3909,609.5,NA,3816,686.5,2728,2986.5,3137.75,4779.5,643.5,5461.25,7271.25,6100.5,3014,2649.5,3072,5368,3613.75,3804.75,5579.75,6046,NA,3539.25,4347.5,1219.75,1517.25,5998,5226.5,3426.25,NA,1464.5,1265.5,5737.25,866.75
"PMLBM000CXS","0/1","0/0","0/0","0/0","0/1","1/1","0/1","1/1","0/1","0/1","0/1","0/1","1/1","0/1","0/1","0/1","1/1","PMLBM000CXS",6876.5,6252,6656.75,NA,5457.25,7696.75,4703,1832.75,NA,1590.25,2726.25,737.75,4714,4616.25,5521.5,4165.75,4519,6867.75,6406,2121.5,840.75,4920.75,1072.5,4282,6394.5,1919,5422.25,NA,3991.75,4871.5,5317.5,7668,5539.75,7896,4064.5,NA,6156.5,1448,5850.5,940.75
"PMLBM000CYC","0/0","0/0","0/1","0/1","1/1","1/1","1/1","1/1","0/1","0/1","1/1","0/1","0/0","0/1","0/0","0/1","1/1","PMLBM000CYC",6454.75,4727,6728.25,NA,5340,7328.5,4448.25,2621,NA,5544.25,2760.5,713.5,1570.25,4829.5,6892.75,5352.75,4541.5,8363.5,4497.5,635.75,812.25,4865.25,916.5,5254,6386.25,1747,641.5,6255,3769.5,971.25,4956.5,7487.75,5392,7203.5,2742,NA,1334.75,4042.5,NA,3277
"PMLBM000CWT","1/1","1/1","0/1","0/1","1/1","0/1","1/1","0/1","0/1","0/1","0/1","0/0","0/1","0/0","0/1","0/0","1/1","PMLBM000CWT",5704,4158.5,4260.5,NA,4479.75,6399.5,5311.5,1522.5,NA,3707.5,719.5,2639.5,2682.75,3875.5,6113.5,561,5305.25,6068.5,3988,1851,3555.5,1011,905.5,4458,3662,5387.5,5758.5,2333,811,896,1247.5,6533.75,6072.75,5407,2370,NA,5241.75,3590.5,6795.5,2759.5
"PMLBM000CYE","0/1","0/0","0/1","0/0","0/1","0/1","1/1","0/1","0/1","0/1","1/1","1/1","1/1","0/1","0/0","0/1","1/1","PMLBM000CYE",6095.5,6015.5,4686,NA,5095.5,6989.25,1054.75,2443.5,8934.5,1439.5,2530.5,2972,4078,4498,6770,3845.75,4006.5,8232.25,6527.75,593.25,715,4531,895.5,3587.75,4080.5,6038,4922.5,6235,5115.5,885.25,4635.5,7301.75,5145,9490.75,2609.75,NA,1274.5,1209,6583,3079
"PMLBM000CWB","0/1","0/0","0/1","0/1","0/1","0/1","0/1","0/0","1/1","1/1","0/1","0/1","0/0","1/1","1/1","0/1","0/0","PMLBM000CWB",6031,3455,3666.25,NA,717,7130,3128,1096.5,NA,4254.25,1741.25,2888.5,1375,528,3829,2567.25,2855.25,1159.75,5639.5,1317.75,653.5,3335.25,5763.5,3112.75,527.25,4603,3594.75,6042.25,2519,3302.25,4553.5,1244.25,1397.5,3987.25,1714.25,NA,5730.25,2891.5,NA,2115
"PMLBM000CYN","0/1","0/1","0/0","0/0","0/0","0/1","1/1","0/1","1/1","0/1","1/1","1/1","0/1","0/1","0/0","1/1","1/1","PMLBM000CYN",5387.5,4899,4064.5,NA,4132.25,8084,940.5,1999,NA,3792,3368.75,2520,2912,3796.25,5904,3295.5,803,7420,7320.25,601.25,2354,2739.25,877.75,1255.25,3694,5073.25,4427.75,5024.5,4445.25,846.25,4034.25,1303,4637.5,5229,2811,NA,1192,1070.25,3520.25,785.75
"PMLBM000CZC","0/1","0/1","0/0","0/1","0/0","0/0","0/1","0/0","1/1","0/1","0/0","1/1","0/1","0/1","0/1","1/1","0/1","PMLBM000CZC",5228.25,3863.5,1301.5,NA,4057.75,7737,989.5,657,NA,3529,3371,3491.25,2695.5,2840,4555.5,3120.25,914.5,5723,6535,2831.25,2629.25,3050,4939.75,1396.75,659,6470.5,3989,4036.75,4431.5,3919.5,3659,1318.5,4296.5,NA,3026.25,NA,4657.5,3351,6805.5,861.75
"PMLBM000CYP","0/1","0/1","0/1","0/0","0/1","0/1","1/1","0/1","1/1","1/1","0/0","0/1","0/0","0/0","1/1","0/0","0/0","PMLBM000CYP",7405,5607.5,4293,NA,993,8405,3988.75,614.75,NA,5015.75,750,2658.25,1452.5,693,6438.75,3293.25,5586.25,1375.5,5593.75,2934,2633.75,2961.5,6318.5,3337.5,3664.5,5371.25,4332.25,3719.75,3561.5,978,1286.25,1492.5,6067.5,6551.25,2349.5,NA,6226.5,1333.75,6295.5,2724.5
"PMLBM000CZK","0/1","0/1","0/1","0/1","1/1","0/0","1/1","1/1","0/1","0/1","0/1","0/0","1/1","0/1","1/1","0/1","1/1","PMLBM000CZK",6054,4393.25,1323.5,NA,4416.5,6848.5,5504,1545.75,NA,1460.5,2718.25,602.5,3973.25,4065.25,6251,3417,4228,1349.5,3447.25,1997.5,2790.25,3160,969.75,4499,5325,6942,4467,6337.5,912.25,961,4144.5,6629.75,4838,7072.75,2473.5,NA,6371,3581.75,6305.75,2778.75
"PMLBM000CYH","0/1","1/1","0/0","1/1","1/1","1/1","0/1","0/1","0/1","0/1","0/1","0/1","0/1","1/1","1/1","0/1","1/1","PMLBM000CYH",5929,1298.25,5889.5,NA,4677,6892.75,4067,1659.25,NA,3667,2628.5,2685,3152.5,4090.5,5020.75,3300.5,3998.75,1380.5,3800,2127.25,3735,1121.75,1030.5,4231.5,3770.75,1807,4138,NA,3459.25,4224.25,5551,6664.25,2029,NA,3436,NA,6154.25,4705,7580.25,913.75
"PMGBM856AAC","0/0","0/1","0/1","1/1","0/1","0/1","1/1","0/0","0/1","0/0","0/1","0/1","0/1","1/1","0/0","0/1","0/1","PMGBM856AAC",2167.5,1532.5,4743,NA,5671.25,6734.5,4165.25,1734.25,NA,3874.75,2786.5,3879.25,3141.5,3283.75,6500.5,4993,4387.75,7334,5863,2172,3031.25,3710,5149,3537.75,780.75,5425.5,703.25,NA,3533.25,960.75,5519.5,6492.5,1989.75,NA,2405.25,NA,1435.25,4825.25,NA,2981
"PMLBM000CYI","1/1","0/1","0/1","1/1","0/0","0/1","0/1","0/1","0/1","0/0","0/1","0/1","0/1","0/0","1/1","0/0","0/1","PMLBM000CYI",1804.5,1176.5,4734.25,NA,5866.5,6953.75,4364,1606.5,NA,3813.5,680.5,2800.75,3092.5,3263,5134,536.5,5842.25,1238.5,7390.5,2112.5,2867,3053.75,5513,1215.5,4079.5,5861,6632.75,6114,3791.25,4657,1270.25,6733.25,6526,6471,2488.25,NA,6759.5,5055,NA,3027
"PMLBM000CYW","0/1","0/1","0/1","0/0","0/0","0/1","0/1","1/1","0/0","0/1","0/0","0/0","1/1","1/1","1/1","1/1","1/1","PMLBM000CYW",5495.5,5033.5,4197.5,NA,4075.5,1361,5058,583.5,NA,1526,3183.75,633.25,3565.75,3657,4350.5,2902,906.25,1300.25,6909,2538.25,2342.5,2735,907,1270.25,4980.5,5174.5,3956,5477.5,872.25,3871.75,5260.5,7767,1600,NA,2034.5,NA,6136.5,1279,2744.5,2391
"PMLBM000CZM","0/0","0/1","0/1","0/1","0/1","0/1","0/1","1/1","0/1","0/0","0/1","1/1","1/1","0/0","0/1","0/0","1/1","PMLBM000CZM",1830,4292.25,4682.75,NA,5648,6659.25,1026.75,1518,NA,1476.5,660,598.75,4203.25,4224.5,4872,5090.25,5290.5,6226.5,6323.5,1939.5,2832,3168.5,883.5,3931,5513.75,5700.25,616.5,4577.5,4846,4239.5,1163.25,6560.5,6104,4136.75,2280,NA,5283,3804.75,5952.75,2811
